symbol,state_name,horizon,sample_size,frequency_pct,avg_fwd_return,volatility,win_probability,prob_reach_1r,prob_reach_2r,gross_expectancy_r,net_expectancy_r,profit_factor,classification
EURUSD,TRENDING_BEARISH,1M,1,0.1,0.00085,0.0,1.0,0.0,0.0,850.0,550.0,851.73,D = No state conditional edge
NAS100,VOLATILITY_EXPANSION,60M,25,2.5,0.00067,0.00201,0.68,0.36,0.08,0.33,0.18,2.54,D = No state conditional edge
XAUUSD,RANGING,240M,18,1.8,0.00183,0.00924,0.5556,0.7222,0.6667,0.2,0.17,1.67,D = No state conditional edge
NAS100,RANGING,240M,24,2.4,0.00177,0.00912,0.625,0.75,0.625,0.19,0.16,1.61,D = No state conditional edge
XAUUSD,TRENDING_BULLISH,240M,20,2.0,0.00084,0.008,0.45,0.7,0.5,0.11,0.07,1.31,D = No state conditional edge
NAS100,VOLATILITY_EXPANSION,15M,25,2.5,0.00038,0.00128,0.52,0.16,0.04,0.3,0.06,2.41,D = No state conditional edge
NAS100,TRENDING_BULLISH,240M,25,2.5,0.00083,0.00933,0.52,0.68,0.44,0.09,0.06,1.29,D = No state conditional edge
XAUUSD,TRENDING_BULLISH,60M,20,2.0,0.00051,0.00537,0.55,0.6,0.3,0.09,0.04,1.28,D = No state conditional edge
NAS100,SESSION_TRANSITION,60M,173,17.3,0.00043,0.0036,0.5954,0.4335,0.2081,0.12,0.04,1.41,A = Robust market state edge
NAS100,VOLATILITY_COMPRESSION,15M,16,1.6,0.00034,0.0015,0.5625,0.125,0.0625,0.23,0.03,2.21,D = No state conditional edge
XAUUSD,VOLATILITY_EXPANSION,60M,26,2.6,0.00028,0.00218,0.6538,0.4231,0.1154,0.13,-0.01,1.38,D = No state conditional edge
XAUUSD,SESSION_TRANSITION,240M,178,17.8,5e-05,0.00584,0.5112,0.7247,0.4551,0.01,-0.04,1.03,D = No state conditional edge
NAS100,VOLATILITY_EXPANSION,240M,25,2.5,0.00013,0.00403,0.56,0.64,0.32,0.03,-0.04,1.08,D = No state conditional edge
NAS100,SESSION_TRANSITION,240M,172,17.2,5e-05,0.007,0.5698,0.6919,0.4244,0.01,-0.04,1.02,D = No state conditional edge
XAUUSD,TRENDING_BEARISH,5M,17,1.7,0.00022,0.00161,0.5294,0.1765,0.0,0.14,-0.05,1.47,D = No state conditional edge
XAUUSD,VOLATILITY_EXPANSION,15M,26,2.6,0.00025,0.00109,0.6154,0.0769,0.0,0.23,-0.05,1.88,D = No state conditional edge
XAUUSD,VOLATILITY_COMPRESSION,240M,5,0.5,4e-05,0.0054,0.4,0.4,0.4,0.01,-0.05,1.02,D = No state conditional edge
NAS100,LOW_VOLATILITY,240M,711,71.2,1e-05,0.00507,0.519,0.6217,0.3207,0.0,-0.06,1.01,D = No state conditional edge
NAS100,VOLATILITY_COMPRESSION,240M,16,1.6,-1e-05,0.00494,0.5625,0.625,0.375,-0.0,-0.06,1.0,D = No state conditional edge
NAS100,TRENDING_BEARISH,240M,25,2.5,-0.00041,0.00961,0.44,0.76,0.52,-0.04,-0.07,0.89,D = No state conditional edge
XAUUSD,RANGING,60M,18,1.8,-0.00011,0.00528,0.6111,0.7222,0.3889,-0.02,-0.08,0.94,D = No state conditional edge
XAUUSD,RANGING,15M,18,1.8,0.0,0.0029,0.4444,0.2778,0.1667,0.0,-0.1,1.0,D = No state conditional edge
XAUUSD,LOW_VOLATILITY,240M,734,73.5,-0.00027,0.00598,0.4523,0.6226,0.3651,-0.05,-0.1,0.88,D = No state conditional edge
NAS100,LOW_VOLATILITY,60M,712,71.2,6e-05,0.0024,0.5323,0.2949,0.0604,0.03,-0.1,1.07,D = No state conditional edge
XAUUSD,LOW_VOLATILITY,60M,735,73.5,-4e-05,0.00272,0.4721,0.3293,0.1048,-0.01,-0.12,0.96,D = No state conditional edge
GBPUSD,SESSION_TRANSITION,240M,169,16.9,6e-05,0.0019,0.4734,0.2249,0.0828,0.03,-0.13,1.09,D = No state conditional edge
XAUUSD,SESSION_TRANSITION,60M,179,17.9,-0.00018,0.00331,0.5196,0.4693,0.1844,-0.05,-0.14,0.86,D = No state conditional edge
NAS100,VOLATILITY_COMPRESSION,60M,16,1.6,-0.00025,0.0037,0.5,0.4375,0.1875,-0.07,-0.15,0.84,D = No state conditional edge
NAS100,SESSION_TRANSITION,15M,173,17.3,-4e-05,0.00189,0.5318,0.1156,0.0231,-0.02,-0.18,0.94,D = No state conditional edge
XAUUSD,VOLATILITY_EXPANSION,240M,26,2.6,-0.00088,0.00605,0.4615,0.7308,0.4615,-0.15,-0.19,0.69,D = No state conditional edge
XAUUSD,TRENDING_BEARISH,15M,17,1.7,-8e-05,0.00182,0.4706,0.2353,0.0588,-0.04,-0.21,0.9,D = No state conditional edge
NAS100,LOW_VOLATILITY,15M,712,71.2,2e-05,0.00134,0.4986,0.0702,0.0169,0.01,-0.21,1.06,D = No state conditional edge
NAS100,TRENDING_BULLISH,15M,25,2.5,-0.00026,0.0026,0.36,0.24,0.12,-0.1,-0.22,0.76,D = No state conditional edge
GBPUSD,LOW_VOLATILITY,240M,774,77.6,-1e-05,0.00137,0.4767,0.1085,0.0258,-0.01,-0.23,0.97,D = No state conditional edge
NAS100,SESSION_TRANSITION,5M,173,17.3,-0.0,0.00132,0.5145,0.0173,0.0058,-0.0,-0.23,1.0,D = No state conditional edge
EURUSD,VOLATILITY_EXPANSION,60M,43,4.3,0.00014,0.00066,0.6047,0.0233,0.0,0.21,-0.24,2.19,D = No state conditional edge
EURUSD,LOW_VOLATILITY,240M,765,76.7,-1e-05,0.00131,0.4876,0.0928,0.0209,-0.01,-0.24,0.99,D = No state conditional edge
NAS100,TRENDING_BULLISH,60M,25,2.5,-0.00089,0.00506,0.44,0.52,0.24,-0.18,-0.24,0.65,D = No state conditional edge
NAS100,RANGING,60M,24,2.4,-0.00109,0.00571,0.4167,0.5833,0.3333,-0.19,-0.24,0.62,D = No state conditional edge
XAUUSD,LOW_VOLATILITY,15M,735,73.5,-3e-05,0.00132,0.4844,0.0816,0.0109,-0.02,-0.25,0.94,D = No state conditional edge
XAUUSD,SESSION_TRANSITION,15M,179,17.9,-8e-05,0.0015,0.5084,0.1453,0.0279,-0.05,-0.25,0.87,D = No state conditional edge
XAUUSD,TRENDING_BEARISH,240M,17,1.7,-0.00089,0.00472,0.5294,0.7647,0.5882,-0.19,-0.25,0.65,D = No state conditional edge
GBPUSD,VOLATILITY_EXPANSION,240M,33,3.3,-9e-05,0.00151,0.4545,0.1818,0.0,-0.06,-0.26,0.84,D = No state conditional edge
NAS100,TRENDING_BEARISH,60M,25,2.5,-0.00121,0.00563,0.44,0.52,0.24,-0.21,-0.27,0.53,D = No state conditional edge
XAUUSD,VOLATILITY_COMPRESSION,5M,5,0.5,0.0001,0.00071,0.6,0.0,0.0,0.14,-0.28,1.39,D = No state conditional edge
EURUSD,SESSION_TRANSITION,240M,164,16.4,-0.00015,0.00155,0.4207,0.1646,0.0183,-0.1,-0.29,0.77,D = No state conditional edge
XAUUSD,TRENDING_BEARISH,1M,17,1.7,0.00012,0.00061,0.6471,0.0588,0.0,0.2,-0.3,1.67,D = No state conditional edge
XAUUSD,TRENDING_BULLISH,15M,20,2.0,-0.0002,0.00168,0.5,0.2,0.05,-0.12,-0.3,0.75,D = No state conditional edge
GBPUSD,VOLATILITY_EXPANSION,60M,33,3.3,1e-05,0.00094,0.4848,0.0606,0.0,0.01,-0.31,1.02,D = No state conditional edge
GBPUSD,SESSION_TRANSITION,60M,170,17.0,3e-05,0.00087,0.4294,0.0647,0.0118,0.03,-0.31,1.11,D = No state conditional edge
NAS100,TRENDING_BEARISH,15M,25,2.5,-0.00072,0.00314,0.44,0.36,0.08,-0.23,-0.32,0.52,D = No state conditional edge
XAUUSD,TRENDING_BULLISH,5M,20,2.0,-0.00012,0.00128,0.4,0.05,0.0,-0.09,-0.33,0.78,D = No state conditional edge
NAS100,RANGING,1M,24,2.4,-3e-05,0.001,0.5,0.0417,0.0,-0.03,-0.33,0.91,D = No state conditional edge
NAS100,VOLATILITY_COMPRESSION,5M,16,1.6,0.00011,0.00056,0.5625,0.0,0.0,0.2,-0.34,1.89,D = No state conditional edge
XAUUSD,RANGING,5M,18,1.8,-0.00032,0.00174,0.4444,0.1111,0.0,-0.18,-0.36,0.63,D = No state conditional edge
EURUSD,VOLATILITY_EXPANSION,240M,43,4.3,-2e-05,0.00089,0.4419,0.0698,0.0,-0.02,-0.36,0.95,D = No state conditional edge
NAS100,RANGING,15M,24,2.4,-0.00093,0.00344,0.4583,0.4167,0.0833,-0.27,-0.36,0.52,D = No state conditional edge
GBPUSD,VOLATILITY_COMPRESSION,240M,22,2.2,-0.00016,0.00125,0.4091,0.0455,0.0,-0.13,-0.37,0.68,D = No state conditional edge
NAS100,VOLATILITY_EXPANSION,5M,25,2.5,3e-05,0.00073,0.48,0.0,0.0,0.04,-0.37,1.13,D = No state conditional edge
XAUUSD,TRENDING_BEARISH,60M,17,1.7,-0.00131,0.00428,0.4706,0.7059,0.1176,-0.31,-0.38,0.42,D = No state conditional edge
NAS100,TRENDING_BEARISH,5M,25,2.5,-0.00036,0.00174,0.56,0.16,0.0,-0.21,-0.38,0.57,D = No state conditional edge
NAS100,LOW_VOLATILITY,5M,712,71.2,-0.0,0.0008,0.514,0.0028,0.0014,-0.0,-0.38,0.99,D = No state conditional edge
XAUUSD,TRENDING_BULLISH,1M,20,2.0,8e-05,0.00056,0.6,0.0,0.0,0.14,-0.39,1.46,D = No state conditional edge
EURUSD,SESSION_TRANSITION,60M,166,16.6,-5e-05,0.00087,0.4157,0.0422,0.006,-0.06,-0.4,0.84,D = No state conditional edge
XAUUSD,VOLATILITY_COMPRESSION,60M,5,0.5,-0.00064,0.00232,0.4,0.4,0.0,-0.28,-0.41,0.47,D = No state conditional edge
NAS100,RANGING,5M,24,2.4,-0.00051,0.00184,0.375,0.2083,0.0,-0.28,-0.44,0.46,D = No state conditional edge
XAUUSD,LOW_VOLATILITY,5M,735,73.5,-4e-05,0.00075,0.4626,0.0136,0.0,-0.05,-0.45,0.87,D = No state conditional edge
XAUUSD,SESSION_TRANSITION,5M,179,17.9,-0.00013,0.00092,0.4693,0.0335,0.0,-0.14,-0.46,0.69,D = No state conditional edge
NAS100,TRENDING_BULLISH,5M,25,2.5,-0.00019,0.00107,0.48,0.08,0.0,-0.18,-0.46,0.61,D = No state conditional edge
GBPUSD,LOW_VOLATILITY,60M,775,77.5,-1e-05,0.00066,0.4968,0.0181,0.0026,-0.02,-0.47,0.97,D = No state conditional edge
GBPUSD,SESSION_TRANSITION,15M,170,17.0,5e-05,0.0005,0.5471,0.0118,0.0059,0.1,-0.5,1.33,D = No state conditional edge
EURUSD,LOW_VOLATILITY,60M,765,76.5,1e-05,0.00057,0.4941,0.0144,0.0013,0.02,-0.51,1.05,D = No state conditional edge
EURUSD,VOLATILITY_COMPRESSION,240M,25,2.5,-0.00015,0.00089,0.48,0.04,0.0,-0.17,-0.51,0.66,D = No state conditional edge
GBPUSD,VOLATILITY_COMPRESSION,60M,22,2.2,6e-05,0.00047,0.5455,0.0,0.0,0.13,-0.51,1.38,D = No state conditional edge
EURUSD,SESSION_TRANSITION,15M,166,16.6,4e-05,0.00047,0.494,0.012,0.0,0.08,-0.55,1.33,D = No state conditional edge
NAS100,TRENDING_BEARISH,1M,25,2.5,-0.0,0.00048,0.56,0.04,0.0,-0.0,-0.62,0.98,D = No state conditional edge
NAS100,SESSION_TRANSITION,1M,173,17.3,0.0,0.00045,0.5029,0.0058,0.0,0.0,-0.67,1.01,D = No state conditional edge
XAUUSD,VOLATILITY_EXPANSION,5M,26,2.6,-0.00019,0.00066,0.5,0.0,0.0,-0.29,-0.74,0.41,D = No state conditional edge
XAUUSD,RANGING,1M,18,1.8,-0.00028,0.00069,0.3889,0.0,0.0,-0.41,-0.84,0.36,D = No state conditional edge
NAS100,TRENDING_BULLISH,1M,25,2.5,-0.00016,0.00054,0.36,0.0,0.0,-0.29,-0.85,0.5,D = No state conditional edge
XAUUSD,SESSION_TRANSITION,1M,179,17.9,-5e-05,0.0004,0.4525,0.0,0.0,-0.12,-0.86,0.73,D = No state conditional edge
EURUSD,VOLATILITY_COMPRESSION,60M,25,2.5,-2e-05,0.00037,0.4,0.0,0.0,-0.05,-0.86,0.91,D = No state conditional edge
XAUUSD,VOLATILITY_EXPANSION,1M,26,2.6,3e-05,0.0003,0.5385,0.0,0.0,0.1,-0.88,1.3,D = No state conditional edge
NAS100,VOLATILITY_COMPRESSION,1M,16,1.6,0.0,0.00034,0.4375,0.0,0.0,0.0,-0.89,1.03,D = No state conditional edge
GBPUSD,LOW_VOLATILITY,15M,775,77.5,-1e-05,0.00034,0.4774,0.0026,0.0,-0.03,-0.9,0.95,D = No state conditional edge
XAUUSD,LOW_VOLATILITY,1M,735,73.5,0.0,0.00032,0.5088,0.0,0.0,0.0,-0.94,1.04,D = No state conditional edge
NAS100,LOW_VOLATILITY,1M,712,71.2,-1e-05,0.00032,0.4986,0.0,0.0,-0.03,-0.96,0.93,D = No state conditional edge
XAUUSD,VOLATILITY_COMPRESSION,15M,5,0.5,-0.00013,0.00043,0.6,0.0,0.0,-0.3,-1.01,0.35,D = No state conditional edge
GBPUSD,VOLATILITY_EXPANSION,15M,33,3.3,-1e-05,0.0003,0.5152,0.0,0.0,-0.03,-1.02,0.93,D = No state conditional edge
EURUSD,VOLATILITY_EXPANSION,15M,43,4.3,1e-05,0.00028,0.4186,0.0,0.0,0.04,-1.03,1.07,D = No state conditional edge
GBPUSD,VOLATILITY_COMPRESSION,15M,22,2.2,-2e-05,0.0003,0.5455,0.0,0.0,-0.07,-1.06,0.84,D = No state conditional edge
EURUSD,SESSION_TRANSITION,5M,166,16.6,3e-05,0.00025,0.5301,0.0,0.0,0.12,-1.08,1.36,D = No state conditional edge
GBPUSD,VOLATILITY_EXPANSION,5M,33,3.3,0.0001,0.00018,0.5758,0.0,0.0,0.54,-1.08,5.78,D = No state conditional edge
EURUSD,LOW_VOLATILITY,15M,765,76.5,-1e-05,0.00027,0.4667,0.0013,0.0,-0.04,-1.15,0.87,D = No state conditional edge
NAS100,VOLATILITY_EXPANSION,1M,25,2.5,-2e-05,0.00025,0.56,0.0,0.0,-0.08,-1.26,0.81,D = No state conditional edge
GBPUSD,SESSION_TRANSITION,5M,170,17.0,0.0,0.00023,0.4824,0.0,0.0,0.0,-1.33,1.06,D = No state conditional edge
GBPUSD,LOW_VOLATILITY,5M,775,77.5,-0.0,0.0002,0.4787,0.0013,0.0,-0.0,-1.47,0.94,D = No state conditional edge
EURUSD,VOLATILITY_COMPRESSION,15M,25,2.5,1e-05,0.00019,0.68,0.0,0.0,0.05,-1.5,1.11,D = No state conditional edge
EURUSD,VOLATILITY_EXPANSION,5M,43,4.3,2e-05,0.00018,0.4419,0.0,0.0,0.11,-1.57,1.33,D = No state conditional edge
GBPUSD,VOLATILITY_COMPRESSION,5M,22,2.2,-3e-05,0.00019,0.4091,0.0,0.0,-0.16,-1.77,0.55,D = No state conditional edge
EURUSD,LOW_VOLATILITY,5M,765,76.5,-0.0,0.00016,0.451,0.0,0.0,-0.0,-1.84,0.96,D = No state conditional edge
XAUUSD,VOLATILITY_COMPRESSION,1M,5,0.5,-5e-05,0.00016,0.6,0.0,0.0,-0.32,-2.22,0.39,D = No state conditional edge
GBPUSD,VOLATILITY_EXPANSION,1M,33,3.3,4e-05,0.00011,0.5758,0.0,0.0,0.38,-2.44,4.06,D = No state conditional edge
EURUSD,SESSION_TRANSITION,1M,166,16.6,0.0,0.00011,0.5181,0.0,0.0,0.0,-2.64,1.08,D = No state conditional edge
EURUSD,VOLATILITY_COMPRESSION,5M,25,2.5,1e-05,0.0001,0.6,0.0,0.0,0.1,-2.81,1.37,D = No state conditional edge
GBPUSD,SESSION_TRANSITION,1M,170,17.0,0.0,0.0001,0.5294,0.0,0.0,0.0,-3.1,1.12,D = No state conditional edge
GBPUSD,LOW_VOLATILITY,1M,775,77.5,-0.0,9e-05,0.4723,0.0,0.0,-0.0,-3.4,0.86,D = No state conditional edge
EURUSD,VOLATILITY_EXPANSION,1M,43,4.3,3e-05,7e-05,0.6744,0.0,0.0,0.43,-3.85,3.61,D = No state conditional edge
EURUSD,LOW_VOLATILITY,1M,765,76.5,0.0,7e-05,0.4654,0.0,0.0,0.0,-4.12,1.19,D = No state conditional edge
EURUSD,VOLATILITY_COMPRESSION,1M,25,2.5,-1e-05,7e-05,0.4,0.0,0.0,-0.14,-4.26,0.67,D = No state conditional edge
GBPUSD,VOLATILITY_COMPRESSION,1M,22,2.2,2e-05,4e-05,0.6364,0.0,0.0,0.44,-6.14,2.67,D = No state conditional edge
EURUSD,TRENDING_BEARISH,5M,1,0.1,0.0001,0.0,1.0,0.0,0.0,100.0,-200.0,104.29,D = No state conditional edge
EURUSD,TRENDING_BEARISH,240M,1,0.1,0.0001,0.0,1.0,0.0,0.0,100.0,-200.0,104.29,D = No state conditional edge
EURUSD,TRENDING_BEARISH,15M,1,0.1,-0.00056,0.0,0.0,0.0,0.0,-560.0,-860.0,0.0,D = No state conditional edge
EURUSD,TRENDING_BEARISH,60M,1,0.1,-0.00127,0.0,0.0,0.0,0.0,-1270.0,-1570.0,0.0,D = No state conditional edge
